[
  {
    "_id": { "$oid": "b970a8016a60fd877c1e86b9" },
    "name": "England",
    "coach": "Virgil Fritsch-Grant",
    "players": [
      { "$oid": "699aec9097b50c99a09248e1" },
      { "$oid": "1a0ab50eb4b5651bc0d513c9" },
      { "$oid": "74ff9fac920facb188232777" },
      { "$oid": "203e7b3e4f3ea5e0fdcd7959" },
      { "$oid": "dc5656039d1dc293ac9e64e8" },
      { "$oid": "c0f884f94561f6d06faf1ab3" },
      { "$oid": "cd7698b7099c483a81faf5e4" },
      { "$oid": "afe0bed876948634050288e1" },
      { "$oid": "9e10ff792fdc1f71dad88cfa" },
      { "$oid": "f4966850c0959a04f4b129f8" },
      { "$oid": "354b091c3cbaa93a4945c358" },
      { "$oid": "d1a895cd588b2fb7b8e2e0aa" },
      { "$oid": "d2deb989a6acca21692876d2" },
      { "$oid": "741de8421f6fdb324a7ee9bd" },
      { "$oid": "b8422b5960b8379ac68c67a5" }
    ],
    "record": { "win": 4, "draw": 4, "lose": 6 }
  },
  {
    "_id": { "$oid": "d02c269c03952151600c3570" },
    "name": "Germany",
    "coach": "Jayden Petzold",
    "players": [
      { "$oid": "b54fbb8317a73ec84847c919" },
      { "$oid": "cc11d06a19ea97979f3224c0" },
      { "$oid": "d1982e0b5885b8a05c290624" },
      { "$oid": "49753a8dee323e379f21341e" },
      { "$oid": "753e96d906c4a91485b86e3f" },
      { "$oid": "67dda7ea42f212446acbae46" },
      { "$oid": "86c36140c98d334d2bbe4cdf" },
      { "$oid": "da9e8df38a5d10ba55e6018b" },
      { "$oid": "8bd7df3e0898fbe5410e290b" },
      { "$oid": "3609ee48e72a05b43308be43" },
      { "$oid": "7a893a70e7d0427b78c7663e" },
      { "$oid": "4edb41e50b1511dac806aff9" },
      { "$oid": "d62eaed6a2e06dd36165cebc" },
      { "$oid": "f6fafd8a70fa0ca92c5f6f85" },
      { "$oid": "33aa93b5cbc6f40ff05db227" }
    ],
    "record": { "win": 8, "draw": 2, "lose": 4 }
  },
  {
    "_id": { "$oid": "2d5c06e9141a7c921d46f800" },
    "name": "Spain",
    "coach": "Jordi Samaniego Valencia",
    "players": [
      { "$oid": "01ae837642d3ffd7c721c55b" },
      { "$oid": "121b0f6d1d2d6329532f6c02" },
      { "$oid": "891e75d8abcb0df624936218" },
      { "$oid": "7e108f121bd065abfeaeb209" },
      { "$oid": "8f0a4c47fd06f5e1b63a002e" },
      { "$oid": "f8fd0b6a06a6bc89954170c9" },
      { "$oid": "8ec1b924ace3e13613d0bb6a" },
      { "$oid": "f8a7e14f01a601817b768f29" },
      { "$oid": "00b23f0346b8346895bc0fc8" },
      { "$oid": "6f796ae312315e904e2cbd6e" },
      { "$oid": "27d8904cbf072a31dd9ce894" },
      { "$oid": "9417af198055a1b295320c26" },
      { "$oid": "129305c371c64a5d82509f9c" },
      { "$oid": "b53a0ec2155de9aa37f2def0" },
      { "$oid": "14832d9338234f52ff7063d6" }
    ],
    "record": { "win": 5, "draw": 3, "lose": 6 }
  },
  {
    "_id": { "$oid": "97c9c1056efe4a384b8aee80" },
    "name": "France",
    "coach": "Loup Michel",
    "players": [
      { "$oid": "3a6ef94f9e119ae4cb5c66bd" },
      { "$oid": "98155e1b52c73da8bbaaf004" },
      { "$oid": "b1068262cfa35a8a99122ade" },
      { "$oid": "77a7841419d39e1e89cb3347" },
      { "$oid": "9b3dc15303aabbb226139e13" },
      { "$oid": "626b2891e3d8d9d27447243a" },
      { "$oid": "78c665531f6a9cc475d184e0" },
      { "$oid": "24fc162d27ce84fe9c591f1c" },
      { "$oid": "5fc3ad392c8b4f76697e96ce" },
      { "$oid": "b5cebcf5363d11147d68d5a2" },
      { "$oid": "d8e411f90d15734372979b07" },
      { "$oid": "347ed68ba0984ed804445868" },
      { "$oid": "00b7320317baf1d1998bec94" },
      { "$oid": "785740d472bd9a7d7093b32b" },
      { "$oid": "738f31eccd3d11cae7497d44" }
    ],
    "record": { "win": 4, "draw": 7, "lose": 3 }
  },
  {
    "_id": { "$oid": "d3cd4bdb3b492a19228f4c86" },
    "name": "Italy",
    "coach": "Nereo Chimenti",
    "players": [
      { "$oid": "77f49187944067bac2a09010" },
      { "$oid": "a88e1d390d175d2fccae238c" },
      { "$oid": "2cabd1f4af87f3edb606b926" },
      { "$oid": "8a3b0c1acc22c827aa7bd371" },
      { "$oid": "d4cac9784616fa84141caeec" },
      { "$oid": "ffae41e2796493869c4ba03b" },
      { "$oid": "1eebbbb7512f76c5a5341bc5" },
      { "$oid": "d42fab9df3baba7b971cbcf7" },
      { "$oid": "bb4296abb3bd9d5ae869d935" },
      { "$oid": "9884f57388075c80c7cb84d6" },
      { "$oid": "71cac1287b81bd3777788cb1" },
      { "$oid": "fc17d19519454c8f610b80b6" },
      { "$oid": "0498350a42aed10133f94fa0" },
      { "$oid": "98b45b4766afa0aa1c085914" },
      { "$oid": "0a907454eaccca9be8f25090" }
    ],
    "record": { "win": 6, "draw": 3, "lose": 5 }
  },
  {
    "_id": { "$oid": "991e13b28f275fcfa7b79973" },
    "name": "Canada",
    "coach": "Gilbert Senger",
    "players": [
      { "$oid": "3c24ebfd495d6eb5129e88f0" },
      { "$oid": "7b5bdb836eaf1bc1bb207345" },
      { "$oid": "318cc1698ed79dde56134995" },
      { "$oid": "a0fc480b91d4aad9960ac1d1" },
      { "$oid": "9506bafa4ca7ee8215041349" },
      { "$oid": "7baaf8868c44ffff0305a4fa" },
      { "$oid": "785bcfc31bd755e2d6b024b1" },
      { "$oid": "b69465bc5f3a67a562750925" },
      { "$oid": "bf51a0ebc8d58e39097872af" },
      { "$oid": "554e36cc263c82a7588886ce" },
      { "$oid": "fdd8657fba2b6c2be167efdf" },
      { "$oid": "bf3462bf50ab777f0100d673" },
      { "$oid": "ae40233547680999461b0426" },
      { "$oid": "9f50c52b5c91a163cb3dd965" },
      { "$oid": "345eeb9da665d659d70189af" }
    ],
    "record": { "win": 4, "draw": 3, "lose": 7 }
  },
  {
    "_id": { "$oid": "1c38b88bbfd5e9536f5e9742" },
    "name": "Portugal",
    "coach": "Rafael Vicente",
    "players": [
      { "$oid": "0a0e4509452d1c593bc547f7" },
      { "$oid": "c3e9367f994e9e9f5f847a82" },
      { "$oid": "6d9d1284d71354bdf61aaf3a" },
      { "$oid": "52fb271b214f1e738ceba022" },
      { "$oid": "de2d73b76736f8409780bb8f" },
      { "$oid": "24dadd91c78c1c5669d5dab8" },
      { "$oid": "528cbd09f02630f177349715" },
      { "$oid": "fda257122fae2248f7d04daf" },
      { "$oid": "2dd9f04626787b3a8e05256c" },
      { "$oid": "80be01b8554fffb79ead46e1" },
      { "$oid": "737942dff8fd3fe53c9b40f4" },
      { "$oid": "2e72b3791b193d1a3ccc090a" },
      { "$oid": "971f25ef421e9ce0d4cbf20f" },
      { "$oid": "15e9631e63c6bc83280e51bc" },
      { "$oid": "2c4f82362434f37b424c39b3" }
    ],
    "record": { "win": 4, "draw": 4, "lose": 6 }
  },
  {
    "_id": { "$oid": "1dedbf86dc66cced2518616e" },
    "name": "Australia",
    "coach": "Matthew Kuhlman",
    "players": [
      { "$oid": "67fe438103bacc4f06cecc9e" },
      { "$oid": "a2595f6e933f14a410f1f805" },
      { "$oid": "7f32f49fcac271b15b515a3a" },
      { "$oid": "95870aa7a105d9dc7d7ab723" },
      { "$oid": "e4e9a40fb72fa1fcc3e0aab9" },
      { "$oid": "fd9c5c4f26ae7e9748fcc7d5" },
      { "$oid": "68f672e777d77d1612c70db7" },
      { "$oid": "6806c113d983b9d64829c769" },
      { "$oid": "1980a5c287a5f125279ea883" },
      { "$oid": "d37caed9c6835b17b2e831bb" },
      { "$oid": "1c0cd499a162cd2377336c4d" },
      { "$oid": "28ba9ec83fdef12cb61ab1e6" },
      { "$oid": "ba7770fcfb9d92a665a87e1d" },
      { "$oid": "1cc02a9901a95e582428980e" },
      { "$oid": "a9a4bbebd34aba9e59a0148a" }
    ],
    "record": { "win": 6, "draw": 4, "lose": 4 }
  }
]
